{
    "sources": [
        {
            "DOI": "10.1126/science.1202249",
            "URL": "http://dx.doi.org/10.1126/science.1202249",
            "author": [
                {
                    "family": "Donlea",
                    "given": "Jeffrey M."
                },
                {
                    "family": "Thimgan",
                    "given": "Matthew S."
                },
                {
                    "family": "Suzuki",
                    "given": "Yasuko"
                },
                {
                    "family": "Gottschalk",
                    "given": "Laura"
                },
                {
                    "family": "Shaw",
                    "given": "Paul J."
                }
            ],
            "container-title": "Science",
            "id": "donlea2011",
            "issue": "6037",
            "issued": {
                "date-parts": [
                    [
                        2011,
                        6,
                        24
                    ]
                ]
            },
            "language": "en",
            "page": "1571-1576",
            "title": "Inducing Sleep by Remote Control Facilitates Memory Consolidation in <i>Drosophila</i>",
            "type": "article-journal",
            "volume": "332"
        },
        {
            "URL": "http://dx.doi.org/10.1101/2024.02.23.581780",
            "author": [
                {
                    "family": "Hasenhuetl",
                    "given": "Peter S."
                },
                {
                    "family": "Sarnataro",
                    "given": "Raffaele"
                },
                {
                    "family": "Vrontou",
                    "given": "Eleftheria"
                },
                {
                    "family": "Rorsman",
                    "given": "H. Olof"
                },
                {
                    "family": "Talbot",
                    "given": "Clifford B."
                },
                {
                    "family": "Brain",
                    "given": "Ruth"
                },
                {
                    "family": "Miesenböck",
                    "given": "Gero"
                }
            ],
            "id": "hasenhuetl2024",
            "issued": {
                "date-parts": [
                    [
                        2024,
                        2,
                        28
                    ]
                ]
            },
            "title": "A half-center oscillator encodes sleep pressure",
            "type": ""
        }
    ],
    "project_biblios": []
}