{
    "sources": [
        {
            "DOI": "10.1073/pnas.0610080104",
            "URL": "https://www.pnas.org/doi/abs/10.1073/pnas.0610080104",
            "abstract": "Sleep is one of the most noticeable and widespread phenomena occurring in multicellular animals. Nevertheless, no consensus for a theory of its origins has emerged. In particular, no explicit, quantitative theory exists that elucidates or distinguishes between the myriad hypotheses proposed for sleep. Here, we develop a general, quantitative theory for mammalian sleep that relates many of its fundamental parameters to metabolic rate and body size. Several mechanisms suggested for the function of sleep can be placed in this framework, e.g., cellular repair of damage caused by metabolic processes as well as cortical reorganization to process sensory input. Our theory leads to predictions for sleep time, sleep cycle time, and rapid eye movement time as functions of body and brain mass, and it explains, for example, why mice sleep ≈14 hours per day relative to the 3.5 hours per day that elephants sleep. Data for 96 species of mammals, spanning six orders of magnitude in body size, are consistent with these predictions and provide strong evidence that time scales for sleep are set by the brain’s, not the whole-body, metabolic rate.",
            "author": [
                {
                    "family": "Savage",
                    "given": "Van M."
                },
                {
                    "family": "West",
                    "given": "Geoffrey B."
                }
            ],
            "container-title": "Proceedings of the National Academy of Sciences",
            "id": "doi:10.1073/pnas.0610080104",
            "issue": "3",
            "issued": {
                "date-parts": [
                    [
                        2007
                    ]
                ]
            },
            "page": "1051-1056",
            "title": "A quantitative, theoretical framework for understanding mammalian sleep",
            "type": "article-journal",
            "volume": "104"
        }
    ],
    "project_biblios": []
}